[{
    "id": 1,
    "first_name": "Nesta",
    "last_name": "Farrance",
    "email": "nfarrance0@earthlink.net",
    "gender": "Female",
    "address": "55 Donald Way",
    "avatar": "https://robohash.org/inventoredolorumest.png?size=250x250&set=set1",
    "salary": 8153,
    "friends": [
      {
        "gender": "Female",
        "firstName": "Stevana",
        "lastName": "Giraldon",
        "phone": "(542) 9655339",
        "address": "49340 Sloan Alley",
        "city": "Merklín",
        "birthday": "1985-06-09",
        "language": "Arabic",
        "avatar": "https://robohash.org/voluptatemauttotam.png?size=250x250&set=set1",
        "profession": "Teacher",
        "salary": 7412
      },
      {
        "gender": "Female",
        "firstName": "Ethel",
        "lastName": "Shord",
        "phone": "(559) 8780172",
        "address": "19 Magdeline Hill",
        "city": "Ducheng",
        "birthday": "1984-09-10",
        "language": "French",
        "avatar": "https://robohash.org/temporesitaut.png?size=250x250&set=set1",
        "profession": "Quality Engineer",
        "salary": 8429
      }
    ],
    "children": [
      {
        "gender": "Female",
        "firstName": "Hephzibah",
        "lastName": "Gervaise",
        "avatar": "https://robohash.org/faceredignissimosrepellendus.png?size=250x250&set=set1",
        "birthday": "2012-07-14"
      },
      {
        "gender": "Male",
        "firstName": "Reinhold",
        "lastName": "Cluet",
        "avatar": "https://robohash.org/quidemoccaecatiratione.png?size=250x250&set=set1",
        "birthday": "2009-11-21"
      },
      {
        "gender": "Female",
        "firstName": "Anica",
        "lastName": "Hulse",
        "avatar": "https://robohash.org/namassumendaexplicabo.png?size=250x250&set=set1",
        "birthday": "2009-06-25"
      },
      {
        "gender": "Male",
        "firstName": "Web",
        "lastName": "Hulcoop",
        "avatar": "https://robohash.org/animiinciduntut.png?size=250x250&set=set1",
        "birthday": "2012-11-08"
      }
    ]
  }, {
    "id": 2,
    "first_name": "Elsbeth",
    "last_name": "Warby",
    "email": "ewarby1@google.de",
    "gender": "Female",
    "address": "85 Hooker Road",
    "avatar": "https://robohash.org/autnequemolestias.png?size=250x250&set=set1",
    "salary": 11146,
    "friends": [
      {
        "gender": "Female",
        "firstName": "Jeanelle",
        "lastName": "Bocke",
        "phone": "(404) 5246190",
        "address": "028 Corscot Street",
        "city": "Hamburg",
        "birthday": "1980-06-18",
        "language": "Marathi",
        "avatar": "https://robohash.org/rerumipsasit.png?size=250x250&set=set1",
        "profession": "Engineer II",
        "salary": 6452
      },
      {
        "gender": "Female",
        "firstName": "Karina",
        "lastName": "Spellessy",
        "phone": "(933) 4765835",
        "address": "5157 Hoard Road",
        "city": "Wengaingo",
        "birthday": "1980-07-24",
        "language": "Kyrgyz",
        "avatar": "https://robohash.org/nontemporaaut.png?size=250x250&set=set1",
        "profession": "Help Desk Technician",
        "salary": 9720
      }
    ],
    "children": [
      {
        "gender": "Female",
        "firstName": "Susana",
        "lastName": "Plester",
        "avatar": "https://robohash.org/voluptasfugiatquasi.png?size=250x250&set=set1",
        "birthday": "2011-08-15"
      },
      {
        "gender": "Female",
        "firstName": "Ruthann",
        "lastName": "Zanolli",
        "avatar": "https://robohash.org/magnamdolorumvoluptas.png?size=250x250&set=set1",
        "birthday": "2011-12-01"
      }
    ]
  }, {
    "id": 3,
    "first_name": "Eugene",
    "last_name": "Vedmore",
    "email": "evedmore2@behance.net",
    "gender": "Male",
    "address": "87275 Debs Pass",
    "avatar": "https://robohash.org/minimaearerum.png?size=250x250&set=set1",
    "salary": 6578,
    "friends": [
      {
        "gender": "Female",
        "firstName": "Oralia",
        "lastName": "Kelwaybamber",
        "phone": "(158) 7618515",
        "address": "500 Sage Street",
        "city": "Dąbrowice",
        "birthday": "1988-12-20",
        "language": "Tswana",
        "avatar": "https://robohash.org/dictasitcorporis.png?size=250x250&set=set1",
        "profession": "Recruiter",
        "salary": 11429
      },
      {
        "gender": "Male",
        "firstName": "Hillel",
        "lastName": "Beddingham",
        "phone": "(904) 5255225",
        "address": "5877 Quincy Trail",
        "city": "Jacksonville",
        "birthday": "1988-08-15",
        "language": "Bulgarian",
        "avatar": "https://robohash.org/sedharumrerum.png?size=250x250&set=set1",
        "profession": "Geological Engineer",
        "salary": 6869
      },
      {
        "gender": "Female",
        "firstName": "Livvyy",
        "lastName": "Karolyi",
        "phone": "(470) 4090021",
        "address": "061 Scofield Circle",
        "city": "Villaviciosa",
        "birthday": "1983-04-21",
        "language": "Dhivehi",
        "avatar": "https://robohash.org/sitreprehenderitex.png?size=250x250&set=set1",
        "profession": "Financial Advisor",
        "salary": 9228
      },
      {
        "gender": "Female",
        "firstName": "Cassaundra",
        "lastName": "Neesam",
        "phone": "(537) 4308524",
        "address": "6319 Troy Park",
        "city": "Ajoyani",
        "birthday": "1986-02-22",
        "language": "Tetum",
        "avatar": "https://robohash.org/cupiditatesedqui.png?size=250x250&set=set1",
        "profession": "Pharmacist",
        "salary": 8290
      }
    ],
    "children": [
      {
        "gender": "Female",
        "firstName": "Dalila",
        "lastName": "Dulling",
        "avatar": "https://robohash.org/explicaboidcorporis.png?size=250x250&set=set1",
        "birthday": "2014-06-07"
      },
      {
        "gender": "Female",
        "firstName": "Cristina",
        "lastName": "Lurcock",
        "avatar": "https://robohash.org/velconsequunturtotam.png?size=250x250&set=set1",
        "birthday": "2009-04-25"
      },
      {
        "gender": "Female",
        "firstName": "Nedi",
        "lastName": "Wombwell",
        "avatar": "https://robohash.org/blanditiisquiamagnam.png?size=250x250&set=set1",
        "birthday": "2009-05-19"
      },
      {
        "gender": "Male",
        "firstName": "Alessandro",
        "lastName": "Sealeaf",
        "avatar": "https://robohash.org/assumendapariaturconsequatur.png?size=250x250&set=set1",
        "birthday": "2007-12-17"
      }
    ]
  }, {
    "id": 4,
    "first_name": "Ethelda",
    "last_name": "Mellor",
    "email": "emellor3@google.de",
    "gender": "Female",
    "address": "17097 Dayton Terrace",
    "avatar": "https://robohash.org/quaeratrepellendusodio.png?size=250x250&set=set1",
    "salary": 12299,
    "friends": [
      {
        "gender": "Female",
        "firstName": "Alica",
        "lastName": "Daenen",
        "phone": "(206) 8516185",
        "address": "08 Grover Place",
        "city": "Vegreville",
        "birthday": "1983-09-02",
        "language": "Montenegrin",
        "avatar": "https://robohash.org/velitameta.png?size=250x250&set=set1",
        "profession": "Account Representative IV",
        "salary": 5421
      },
      {
        "gender": "Male",
        "firstName": "Fabien",
        "lastName": "Gauld",
        "phone": "(119) 7789189",
        "address": "34145 Loomis Crossing",
        "city": "Tānsen",
        "birthday": "1981-03-03",
        "language": "Filipino",
        "avatar": "https://robohash.org/quodutnatus.png?size=250x250&set=set1",
        "profession": "Database Administrator II",
        "salary": 5597
      }
    ],
    "children": [
      {
        "gender": "Female",
        "firstName": "Arabel",
        "lastName": "Reolfo",
        "avatar": "https://robohash.org/dignissimosnesciuntrerum.png?size=250x250&set=set1",
        "birthday": "2012-01-28"
      },
      {
        "gender": "Male",
        "firstName": "Elsworth",
        "lastName": "Gashion",
        "avatar": "https://robohash.org/etreiciendisdolorem.png?size=250x250&set=set1",
        "birthday": "2012-01-08"
      },
      {
        "gender": "Female",
        "firstName": "Carilyn",
        "lastName": "Ioselev",
        "avatar": "https://robohash.org/laboriosamliberotemporibus.png?size=250x250&set=set1",
        "birthday": "2012-06-17"
      },
      {
        "gender": "Female",
        "firstName": "Nadya",
        "lastName": "Giacubbo",
        "avatar": "https://robohash.org/dictaetodio.png?size=250x250&set=set1",
        "birthday": "2011-12-15"
      },
      {
        "gender": "Male",
        "firstName": "Benn",
        "lastName": "Bayless",
        "avatar": "https://robohash.org/assumendanullamagni.png?size=250x250&set=set1",
        "birthday": "2011-09-20"
      }
    ]
  }, {
    "id": 5,
    "first_name": "Perice",
    "last_name": "Mesant",
    "email": "pmesant4@woothemes.com",
    "gender": "Male",
    "address": "5 Hoepker Center",
    "avatar": "https://robohash.org/maioresasperioresexplicabo.png?size=250x250&set=set1",
    "salary": 9542,
    "friends": [
      {
        "gender": "Female",
        "firstName": "Ambur",
        "lastName": "Rizzini",
        "phone": "(997) 5187552",
        "address": "258 Summit Junction",
        "city": "Karangpocok",
        "birthday": "1984-03-06",
        "language": "Danish",
        "avatar": "https://robohash.org/temporedeseruntipsa.png?size=250x250&set=set1",
        "profession": "Pharmacist",
        "salary": 8909
      }
    ],
    "children": [
      {
        "gender": "Male",
        "firstName": "Boonie",
        "lastName": "Yuille",
        "avatar": "https://robohash.org/rationenullaquo.png?size=250x250&set=set1",
        "birthday": "2014-03-16"
      }
    ]
  }, {
    "id": 6,
    "first_name": "Jeromy",
    "last_name": "Celier",
    "email": "jcelier5@seesaa.net",
    "gender": "Male",
    "address": "13906 Russell Parkway",
    "avatar": "https://robohash.org/quositab.png?size=250x250&set=set1",
    "salary": 7924,
    "friends": [
      {
        "gender": "Female",
        "firstName": "Maud",
        "lastName": "Gellibrand",
        "phone": "(340) 3243748",
        "address": "717 Cascade Crossing",
        "city": "Dian-ay",
        "birthday": "1983-12-14",
        "language": "Assamese",
        "avatar": "https://robohash.org/minusdoloresaepe.png?size=250x250&set=set1",
        "profession": "Help Desk Technician",
        "salary": 9950
      },
      {
        "gender": "Male",
        "firstName": "Virgilio",
        "lastName": "Kmieciak",
        "phone": "(696) 3796078",
        "address": "86 Bunker Hill Court",
        "city": "Abelheira",
        "birthday": "1990-05-09",
        "language": "Dhivehi",
        "avatar": "https://robohash.org/laboreipsumquia.png?size=250x250&set=set1",
        "profession": "Safety Technician I",
        "salary": 9638
      },
      {
        "gender": "Male",
        "firstName": "Antone",
        "lastName": "Seniour",
        "phone": "(479) 5516945",
        "address": "24 Thompson Center",
        "city": "Yacuiba",
        "birthday": "1977-07-12",
        "language": "Lithuanian",
        "avatar": "https://robohash.org/iustoquiaanimi.png?size=250x250&set=set1",
        "profession": "Graphic Designer",
        "salary": 10232
      },
      {
        "gender": "Male",
        "firstName": "Northrop",
        "lastName": "Louedey",
        "phone": "(132) 1484633",
        "address": "562 Portage Hill",
        "city": "Phrae",
        "birthday": "1989-06-28",
        "language": "Tamil",
        "avatar": "https://robohash.org/atfugitvoluptate.png?size=250x250&set=set1",
        "profession": "Operator",
        "salary": 11577
      },
      {
        "gender": "Male",
        "firstName": "Hayden",
        "lastName": "Senescall",
        "phone": "(459) 8653275",
        "address": "446 Hudson Place",
        "city": "Viradouro",
        "birthday": "1981-05-06",
        "language": "Finnish",
        "avatar": "https://robohash.org/voluptatumofficiisratione.png?size=250x250&set=set1",
        "profession": "Editor",
        "salary": 8310
      }
    ],
    "children": [
      {
        "gender": "Male",
        "firstName": "Parsifal",
        "lastName": "Gleeton",
        "avatar": "https://robohash.org/remquisdeleniti.png?size=250x250&set=set1",
        "birthday": "2011-11-30"
      },
      {
        "gender": "Male",
        "firstName": "Vachel",
        "lastName": "Cottrill",
        "avatar": "https://robohash.org/facilisodittempore.png?size=250x250&set=set1",
        "birthday": "2009-06-24"
      },
      {
        "gender": "Female",
        "firstName": "June",
        "lastName": "Romei",
        "avatar": "https://robohash.org/molestiaeeligendimagnam.png?size=250x250&set=set1",
        "birthday": "2015-10-17"
      },
      {
        "gender": "Male",
        "firstName": "Matteo",
        "lastName": "Aucock",
        "avatar": "https://robohash.org/dignissimosmolestiaemodi.png?size=250x250&set=set1",
        "birthday": "2011-07-28"
      }
    ]
  }, {
    "id": 7,
    "first_name": "Garvy",
    "last_name": "Vittel",
    "email": "gvittel6@arstechnica.com",
    "gender": "Male",
    "address": "2303 2nd Point",
    "avatar": "https://robohash.org/aspernaturdeseruntnon.png?size=250x250&set=set1",
    "salary": 5104,
    "friends": [
      {
        "gender": "Female",
        "firstName": "Deloris",
        "lastName": "McLarnon",
        "phone": "(580) 7617082",
        "address": "2 Huxley Junction",
        "city": "Arys",
        "birthday": "1981-09-09",
        "language": "Burmese",
        "avatar": "https://robohash.org/aliasnobisut.png?size=250x250&set=set1",
        "profession": "Civil Engineer",
        "salary": 9589
      },
      {
        "gender": "Female",
        "firstName": "Cleo",
        "lastName": "O'Lyhane",
        "phone": "(487) 8520617",
        "address": "0692 Burrows Pass",
        "city": "Chicacao",
        "birthday": "1978-12-15",
        "language": "Bengali",
        "avatar": "https://robohash.org/perferendismolestiaepariatur.png?size=250x250&set=set1",
        "profession": "Project Manager",
        "salary": 11623
      },
      {
        "gender": "Male",
        "firstName": "Cad",
        "lastName": "Ternouth",
        "phone": "(484) 1776177",
        "address": "8 Longview Road",
        "city": "Papágou",
        "birthday": "1977-05-02",
        "language": "Filipino",
        "avatar": "https://robohash.org/doloremetfugit.png?size=250x250&set=set1",
        "profession": "Web Developer I",
        "salary": 7025
      },
      {
        "gender": "Female",
        "firstName": "Giustina",
        "lastName": "Bedding",
        "phone": "(747) 6882798",
        "address": "199 Golf View Trail",
        "city": "Brody",
        "birthday": "1990-10-12",
        "language": "Papiamento",
        "avatar": "https://robohash.org/eterrorneque.png?size=250x250&set=set1",
        "profession": "Librarian",
        "salary": 8692
      }
    ],
    "children": [
      {
        "gender": "Male",
        "firstName": "Freddy",
        "lastName": "Burgon",
        "avatar": "https://robohash.org/hicsequioccaecati.png?size=250x250&set=set1",
        "birthday": "2009-10-04"
      },
      {
        "gender": "Female",
        "firstName": "Ranice",
        "lastName": "Whyard",
        "avatar": "https://robohash.org/consequaturtemporadebitis.png?size=250x250&set=set1",
        "birthday": "2014-10-30"
      },
      {
        "gender": "Female",
        "firstName": "Rhianna",
        "lastName": "Filintsev",
        "avatar": "https://robohash.org/laboreaspernaturconsequatur.png?size=250x250&set=set1",
        "birthday": "2015-06-10"
      },
      {
        "gender": "Female",
        "firstName": "Damaris",
        "lastName": "Kennington",
        "avatar": "https://robohash.org/quasieumsed.png?size=250x250&set=set1",
        "birthday": "2009-12-20"
      },
      {
        "gender": "Female",
        "firstName": "Danita",
        "lastName": "de Courcey",
        "avatar": "https://robohash.org/utincum.png?size=250x250&set=set1",
        "birthday": "2014-01-04"
      }
    ]
  }, {
    "id": 8,
    "first_name": "Janeva",
    "last_name": "Boutcher",
    "email": "jboutcher7@usda.gov",
    "gender": "Female",
    "address": "7219 Ruskin Lane",
    "avatar": "https://robohash.org/consequatursitdelectus.png?size=250x250&set=set1",
    "salary": 9653,
    "friends": [
      {
        "gender": "Female",
        "firstName": "Audre",
        "lastName": "McConville",
        "phone": "(783) 2020778",
        "address": "02941 Thackeray Trail",
        "city": "Paris La Défense",
        "birthday": "1986-07-13",
        "language": "Gujarati",
        "avatar": "https://robohash.org/placeatrepellataliquid.png?size=250x250&set=set1",
        "profession": "Budget/Accounting Analyst IV",
        "salary": 11011
      }
    ],
    "children": [
      {
        "gender": "Male",
        "firstName": "Cazzie",
        "lastName": "Clarage",
        "avatar": "https://robohash.org/quiaminimaveniam.png?size=250x250&set=set1",
        "birthday": "2015-09-10"
      },
      {
        "gender": "Male",
        "firstName": "Nigel",
        "lastName": "Dreamer",
        "avatar": "https://robohash.org/delenitinobisomnis.png?size=250x250&set=set1",
        "birthday": "2009-09-14"
      },
      {
        "gender": "Male",
        "firstName": "Fleming",
        "lastName": "Feasey",
        "avatar": "https://robohash.org/nonprovidentsaepe.png?size=250x250&set=set1",
        "birthday": "2009-07-29"
      },
      {
        "gender": "Female",
        "firstName": "Bernete",
        "lastName": "Fines",
        "avatar": "https://robohash.org/nisiasperioresest.png?size=250x250&set=set1",
        "birthday": "2009-10-08"
      },
      {
        "gender": "Male",
        "firstName": "Ange",
        "lastName": "Churms",
        "avatar": "https://robohash.org/faciliseaculpa.png?size=250x250&set=set1",
        "birthday": "2009-09-16"
      }
    ]
  }, {
    "id": 9,
    "first_name": "Abra",
    "last_name": "Wermerling",
    "email": "awermerling8@netlog.com",
    "gender": "Female",
    "address": "93 Gateway Circle",
    "avatar": "https://robohash.org/repellendusoptioculpa.png?size=250x250&set=set1",
    "salary": 7558,
    "friends": [
      {
        "gender": "Male",
        "firstName": "Ailbert",
        "lastName": "Dummigan",
        "phone": "(690) 9928230",
        "address": "43 Arrowood Hill",
        "city": "Yuli",
        "birthday": "1986-09-26",
        "language": "Gagauz",
        "avatar": "https://robohash.org/illohicdolorum.png?size=250x250&set=set1",
        "profession": "Technical Writer",
        "salary": 7851
      },
      {
        "gender": "Male",
        "firstName": "Ximenez",
        "lastName": "Lago",
        "phone": "(444) 9101739",
        "address": "5 Nelson Drive",
        "city": "Taiping",
        "birthday": "1980-04-21",
        "language": "Aymara",
        "avatar": "https://robohash.org/occaecativoluptateaut.png?size=250x250&set=set1",
        "profession": "VP Accounting",
        "salary": 11750
      }
    ],
    "children": [
      {
        "gender": "Female",
        "firstName": "Mel",
        "lastName": "Zealy",
        "avatar": "https://robohash.org/harumvoluptatibusullam.png?size=250x250&set=set1",
        "birthday": "2013-07-17"
      }
    ]
  }, {
    "id": 10,
    "first_name": "Vassili",
    "last_name": "Gritland",
    "email": "vgritland9@ustream.tv",
    "gender": "Male",
    "address": "9 Helena Center",
    "avatar": "https://robohash.org/praesentiumatfugiat.png?size=250x250&set=set1",
    "salary": 9304,
    "friends": [
      {
        "gender": "Female",
        "firstName": "Johna",
        "lastName": "Guiso",
        "phone": "(734) 9023420",
        "address": "526 Toban Street",
        "city": "Pakapasan Ilir",
        "birthday": "1978-11-10",
        "language": "Georgian",
        "avatar": "https://robohash.org/occaecatiadpraesentium.png?size=250x250&set=set1",
        "profession": "Payment Adjustment Coordinator",
        "salary": 7102
      },
      {
        "gender": "Male",
        "firstName": "Pasquale",
        "lastName": "Jirick",
        "phone": "(834) 3557823",
        "address": "448 Judy Parkway",
        "city": "Maciejowice",
        "birthday": "1982-02-23",
        "language": "Tetum",
        "avatar": "https://robohash.org/utaccusantiumtenetur.png?size=250x250&set=set1",
        "profession": "VP Accounting",
        "salary": 11823
      },
      {
        "gender": "Male",
        "firstName": "Lewiss",
        "lastName": "Thomasset",
        "phone": "(449) 4429652",
        "address": "24 Roxbury Trail",
        "city": "Skaryszew",
        "birthday": "1988-05-19",
        "language": "Moldovan",
        "avatar": "https://robohash.org/nobisenimvoluptatum.png?size=250x250&set=set1",
        "profession": "Actuary",
        "salary": 9580
      },
      {
        "gender": "Male",
        "firstName": "Hamil",
        "lastName": "Peedell",
        "phone": "(648) 2878075",
        "address": "170 Bayside Way",
        "city": "Solntsevo",
        "birthday": "1987-02-11",
        "language": "Lithuanian",
        "avatar": "https://robohash.org/suntquasiet.png?size=250x250&set=set1",
        "profession": "Technical Writer",
        "salary": 9743
      }
    ],
    "children": [
      {
        "gender": "Female",
        "firstName": "Corrianne",
        "lastName": "Maxsted",
        "avatar": "https://robohash.org/adveroqui.png?size=250x250&set=set1",
        "birthday": "2012-03-17"
      }
    ]
  }]